<?xml version="1.0"?>
<!DOCTYPE allthreads SYSTEM "users.dtd">

<!--
   $Header: /home/cvspublic/jakarta-jmeter/bin/users.xml,v 1.3 2004/02/16 13:34:10 sebb Exp $
   Copyright 1999-2004 The Apache Software Foundation
 
   Licensed under the Apache License, Version 2.0 (the "License");
   you may not use this file except in compliance with the License.
   You may obtain a copy of the License at
 
       http://www.apache.org/licenses/LICENSE-2.0
 
   Unless required by applicable law or agreed to in writing, software
   distributed under the License is distributed on an "AS IS" BASIS,
   WITHOUT WARRANTIES OR CONDITIONS OF ANY KIND, either express or implied.
   See the License for the specific language governing permissions and
   limitations under the License.
-->

	<!-- all users, uses round robin selection -->
	<allthreads>
	        <!-- unique parameters for each individual thread (ie user) -->

		<thread>
			<parameter>
                             <paramname>username</paramname>
                             <paramvalue>dduck</paramvalue>
                        </parameter>
			<parameter>
                             <paramname>password</paramname>
                             <paramvalue>quack</paramvalue>
                        </parameter>
		</thread>
		<thread>
			<parameter>
                             <paramname>username</paramname>
                             <paramvalue>mmouse</paramvalue>
                        </parameter>
			<parameter>
                             <paramname>password</paramname>
                             <paramvalue>squeak</paramvalue>
                        </parameter>
		</thread>
		<thread>
			<parameter>
                             <paramname>username</paramname>
                             <paramvalue>bbunney</paramvalue>
                        </parameter>
			<parameter>
                             <paramname>password</paramname>
                             <paramvalue>carrot</paramvalue>
                        </parameter>
			<parameter>
                             <paramname>manager</paramname>
                             <paramvalue>yes</paramvalue>
                        </parameter>
		</thread>
	</allthreads>



