<?xml version="1.0" encoding="ISO-8859-1"?>

<project>
    <pomVersion>3</pomVersion>
    <extend>${basedir}/../etc/project.xml</extend>

    <name>ActiveMQ :: Jmeter</name>
    <id>JMeter_sampler</id>
    <shortDescription>ActiveMQ Assembly</shortDescription>
    <description>ActiveMQ Jmeter creates an ActiveMQ sampler for Jmeter</description>

    <package>org.activemq</package>

    <build>
        <sourceDirectory>src/java</sourceDirectory>
        <unitTestSourceDirectory>src/test</unitTestSourceDirectory>
    </build>

    <dependencies>

        <dependency>
            <groupId>activemq</groupId>
            <artifactId>activemq</artifactId>
            <version>${pom.currentVersion}</version>
        </dependency>

        <dependency>
            <groupId>jorphan</groupId>
            <artifactId>jorphan</artifactId>
            <version>${jorphan_version}</version>
        </dependency>

        <!-- jmeter specific jars -->
        <dependency>
            <groupId>jmeter</groupId>
            <artifactId>ApacheJMeter_components</artifactId>
            <version>${ApacheJMeter_components_version}</version>
        </dependency>

        <dependency>
            <groupId>jmeter</groupId>
            <artifactId>ApacheJMeter_core</artifactId>
            <version>${ApacheJMeter_core_version}</version>
        </dependency>

        <dependency>
            <groupId>jmeter</groupId>
            <artifactId>ApacheJMeter_ftp</artifactId>
            <version>${ApacheJMeter_ftp_version}</version>
        </dependency>

        <dependency>
            <groupId>jmeter</groupId>
            <artifactId>ApacheJMeter_functions</artifactId>
            <version>${ApacheJMeter_functions_version}</version>
        </dependency>

        <dependency>
            <groupId>jmeter</groupId>
            <artifactId>ApacheJMeter_http</artifactId>
            <version>${ApacheJMeter_http_version}</version>
        </dependency>

        <dependency>
            <groupId>jmeter</groupId>
            <artifactId>ApacheJMeter_java</artifactId>
            <version>${ApacheJMeter_java_version}</version>
        </dependency>

        <dependency>
            <groupId>jmeter</groupId>
            <artifactId>ApacheJMeter_jdbc</artifactId>
            <version>${ApacheJMeter_jdbc_version}</version>
        </dependency>

        <dependency>
            <groupId>jmeter</groupId>
            <artifactId>ApacheJMeter_jms</artifactId>
            <version>${ApacheJMeter_jms_version}</version>
        </dependency>

        <dependency>
            <groupId>jmeter</groupId>
            <artifactId>ApacheJMeter_ldap</artifactId>
            <version>${ApacheJMeter_ldap_version}</version>
        </dependency>

        <dependency>
            <groupId>jmeter</groupId>
            <artifactId>ApacheJMeter_mail</artifactId>
            <version>${ApacheJMeter_mail_version}</version>
        </dependency>

        <dependency>
            <groupId>jmeter</groupId>
            <artifactId>ApacheJMeter_monitors</artifactId>
            <version>${ApacheJMeter_monitors_version}</version>
        </dependency>

        <dependency>
            <groupId>jmeter</groupId>
            <artifactId>ApacheJMeter_tcp</artifactId>
            <version>${ApacheJMeter_tcp_version}</version>
        </dependency>

        <dependency>
            <groupId>jmeter</groupId>
            <artifactId>ApacheJMeter</artifactId>
            <version>${ApacheJMeter_version}</version>
        </dependency>

        <dependency>
            <id>ant</id>
            <version>1.5</version>
        </dependency>

        <!-- jmeter lib jars --> 
        <dependency>
            <groupId>avalon-framework</groupId>
            <artifactId>avalon-framework</artifactId>
            <version>${avalon_framework_version}</version>
        </dependency>

        <dependency>
            <groupId>batik</groupId>
            <artifactId>batik-awt-util</artifactId>
            <version>${batik_awt_util_version}</version>
        </dependency>

        <dependency>
            <groupId>commons-collections</groupId>
            <artifactId>commons-collections</artifactId>
            <version>${commons_collections_version}</version>
        </dependency>

        <dependency>
            <groupId>commons-httpclient</groupId>
            <artifactId>commons-httpclient</artifactId>
            <version>${commons_httpclient_version}</version>
        </dependency>

        <dependency>
            <groupId>commons-logging</groupId>
            <artifactId>commons-logging</artifactId>
            <version>${commons_logging_version}</version>
        </dependency>

        <dependency>
            <groupId>concurrent</groupId>
            <artifactId>concurrent</artifactId>
            <version>${concurrent_version}</version>
        </dependency>

        <dependency>
            <groupId>excalibur-datasource</groupId>
            <artifactId>excalibur-datasource</artifactId>
            <version>${excalibur_datasource_version}</version>
        </dependency>

        <dependency>
            <groupId>excalibur-instrument</groupId>
            <artifactId>excalibur-instrument</artifactId>
            <version>${excalibur_instrument_version}</version>
        </dependency>

        <dependency>
            <groupId>excalibur-logger</groupId>
            <artifactId>excalibur-logger</artifactId>
            <version>${excalibur_logger_version}</version>
        </dependency>

        <dependency>
            <groupId>excalibur-pool</groupId>
            <artifactId>excalibur-pool</artifactId>
            <version>${excalibur_pool_version}</version>
        </dependency>

        <dependency>
            <groupId>geronimo-spec</groupId>
            <artifactId>geronimo-spec-j2ee</artifactId>
            <version>${geronimo_spec_j2ee_version}</version>
        </dependency>

        <dependency>
            <groupId>htmlparser</groupId>
            <artifactId>htmlparser</artifactId>
            <version>${htmlparser_version}</version>
        </dependency>

        <dependency>
            <groupId>oro</groupId>
            <artifactId>jakarta-oro</artifactId>
            <version>${jakarta_oro_version}</version>
        </dependency>

        <dependency>
            <groupId>jdom</groupId>
            <artifactId>jdom</artifactId>
            <version>${jdom_version}</version>
        </dependency>

        <dependency>
            <groupId>js</groupId>
            <artifactId>js</artifactId>
            <version>${js_version}</version>
        </dependency>

        <dependency>
            <groupId>junit</groupId>
            <artifactId>junit</artifactId>
            <version>${junit_version}</version>
        </dependency>

        <dependency>
            <groupId>logkit</groupId>
            <artifactId>logkit</artifactId>
            <version>${logkit_version}</version>
        </dependency>

        <dependency>
            <groupId>soap</groupId>
            <artifactId>soap</artifactId>
            <version>${soap_version}</version>
        </dependency>

        <dependency>
            <groupId>tidy</groupId>
            <artifactId>Tidy</artifactId>
            <version>${Tidy_version}</version>
        </dependency>

        <dependency>
            <groupId>velocity</groupId>
            <artifactId>velocity</artifactId>
            <version>${velocity_version}</version>
        </dependency>

        <dependency>
            <groupId>xalan</groupId>
            <artifactId>xalan</artifactId>
            <version>${xalan_version}</version>
        </dependency>

        <dependency>
            <groupId>xerces</groupId>
            <artifactId>xercesImpl</artifactId>
            <version>${xercesImpl_version}</version>
        </dependency>

        <dependency>
            <groupId>xml-apis</groupId>
            <artifactId>xml-apis</artifactId>
            <version>${xml_apis_version}</version>
        </dependency>

        <dependency>
            <groupId>xpp3</groupId>
            <artifactId>xpp3_min</artifactId>
            <version>${xpp3_min_version}</version>
        </dependency>

        <dependency>
            <groupId>xstream</groupId>
            <artifactId>xstream</artifactId>
            <version>${xstream_version}</version>
        </dependency>

        
        <dependency>
            <groupId>log4j</groupId>
            <artifactId>log4j</artifactId>
            <version>1.2.8</version>
        </dependency>
        
        <dependency>
            <groupId>mx4j</groupId>
            <artifactId>mx4j</artifactId>
            <version>2.0.1</version>
        </dependency>

        <dependency>
            <groupId>antlr</groupId>
            <artifactId>antlr</artifactId>
            <version>2.7.2</version>
        </dependency>
        
        <dependency>
            <groupId>manta</groupId>
            <artifactId>manta</artifactId>
            <version>1.0</version>
        </dependency> 
                
    </dependencies>
    
   <build>
    <sourceDirectory>src/java</sourceDirectory>
    <unitTestSourceDirectory>src/test</unitTestSourceDirectory>

    <integrationUnitTestSourceDirectory/>
    <aspectSourceDirectory/> 
    
    <unitTest>
      <resources>
        <resource>
          <directory>src/test</directory>
          <includes>
            <include>**/*.properties</include>
            <include>**/*.xml</include>
          </includes>
        </resource>
      </resources>
      <includes>
      	<include>**/*SystemTest.*</include>
      	<include>**/NoDestinationErrorTest.*</include>
      </includes>
      <excludes>
      	<exclude>**/SystemTest.*</exclude>
      </excludes>
    </unitTest>
        <resources>
      <resource>
        <directory>src/conf</directory>
        <includes>
          <include>**/*</include>
        </includes>
      </resource>
    </resources>
  </build>    
</project>
